https://m.media-amazon.com/images/I/61Njp6OstkL._AC_UY218_.jpg!ViewSonic Omni 24 Inch 165Hz IPS Full Hd 1920X1080 Pixels Gaming Led Monitor,1Ms,Hdr10,Free Sync,104% Srgb,Eye Care,Wall Mount,Tilt,2XHdmi,1XDisplay Port,Wide View Angle- Vx2479-Hd-Pro,Black!₹9,749
https://m.media-amazon.com/images/I/81YBEeI1GUL._AC_UY218_.jpg!Acer DA240Y 23.8 Inch Smart Full HD VA Panel LCD Monitor with LED Backlight I Streaming TV, Netflix, YouTube I Media Playback I Wireless Mirroring I Bluetooth5.0 I HDR10 I Desktop Mode I Remote!₹10,399
https://m.media-amazon.com/images/I/914Xej08fTL._AC_UY218_.jpg!Acer ED240Q S3 23.6 Inch Full HD 1500R Curve VA LCD Monitor with Backlit LED I 1 MS VRB, 180Hz Refresh I 250 Nits I 2xHDMI 1xDP Ports with HDMI & DP Cable I Eye Care Features I Stereo Speakers I Black!₹7,249
https://m.media-amazon.com/images/I/81JEtpxPZoL._AC_UY218_.jpg!Acer Nitro VG240Y M3 23.8 Inch IPS Full HD Gaming LCD Monitor with LED Backlight I AMD Freesync Premium I 0.5 MS Response, 180 Hz Refresh Rate I 2 x HDMI, 1 x DP I Stereo Speakers I HDR 10 I Black!₹9,999
https://m.media-amazon.com/images/I/715tAlRV1oL._AC_UY218_.jpg!LG Ultragear IPS Gaming Monitor 60 cm (24 Inches), FHD 1920 x 1080, 1ms, 144Hz, AMD FreeSync Compatible, HDR 10, sRGB 99% (Typ.), DP, HDMI, Height, Tilt & Pivot Adjust Stand, 24GN65R (Black)!₹11,790
https://m.media-amazon.com/images/I/813c6Q7c-NL._AC_UY218_.jpg!MSI G2422 23.8 Inch FullHD (1920x1080) 170Hz Refresh Rate 1ms Wide Color Gamut AMD FreeSync™ Premium Technology Anti-Flicker and Less Blue Light IPS Panel Esports Gaming Monitor!₹10,499
https://m.media-amazon.com/images/I/91f6SmYBPLL._AC_UY218_.jpg!Samsung 24-Inch(60cm) FHD Odyssey G3 Gaming, 165 Hz, 1Ms Flat LED Monitor, 1920 X 1080 Pixels, Height Adjustable Stand, Bezel Less, Eye-Saver, AMD Freesync Premium (LS24AG320NWXXL, Black)!₹11,399
https://m.media-amazon.com/images/I/610Kqyh-XaL._AC_UY218_.jpg!GIGABYTE G24F 2 23.8 Inch (60.452 Cm), 165Hz (180Hz Oc) Gaming Led Monitor with 1920 X 1080 Pixels SS IPS Display, 1Ms (Mprt) Response Time, 95% DCI-P3/125% sRGB, HDR Ready, Freesync Premium (Black)!₹12,170
https://m.media-amazon.com/images/I/81ONC2LXdnL._AC_UY218_.jpg!Acer Nitro Vg271U M3 27 Inch IPS Wqhd 2560X1440 Pixels Gaming Backlight Led LCD Monitor|180Hz Refresh Rate|0.5 Ms Response|Dci-P3 95%,Hdr10 Support|2X Hdmi,1X Dp|Eye Care|Stereo Speakers,Black!₹16,331
https://m.media-amazon.com/images/I/61TSyeGYHRL._AC_UY218_.jpg!ZEBRONICS A24FHD LED, Gaming Monitor, 24 inch (60.96cm), 300 nits, 165Hz, Slim Design, FHD, 1080p, Wall Mountable, HDMI, DisplayPort, USB Port, Ultra Slim Bezel, Metal Stand, Built-in Speakers!₹8,999
https://m.media-amazon.com/images/I/813c6Q7c-NL._AC_UY218_.jpg!MSI G2422 23.8 Inch FullHD (1920x1080) 170Hz Refresh Rate 1ms Wide Color Gamut AMD FreeSync™ Premium Technology Anti-Flicker and Less Blue Light IPS Panel Esports Gaming Monitor!₹10,499
https://m.media-amazon.com/images/I/81+vXICYG4L._AC_UY218_.jpg!Lenovo Gaming G-Series Curved 27Inch (68.58Cm) FHD LCD Monitor |165Hz| 99% sRGB, 1ms, AMD Freesync Premium| 2X3W Speakers, 2XHDMI 2.0|DP 1.4, Height Adjust Tilt Stand, Black, G27C-30!₹16,999
https://m.media-amazon.com/images/I/81bGoTqXEKL._AC_UY218_.jpg!Acer Nitro VG240YS 23.8 Inch (60.45 Cm) IPS Full HD 1920 X 1080 Pixels, Gaming LCD Monitor with LED Backlight I AMD Freesync I 0.5 MS Response time I 165Hz Refresh Rate I Dp, 2 X Hdmi, Black!₹11,299
https://m.media-amazon.com/images/I/61CDXAL1XpL._AC_UY218_.jpg!LG Ultragear Gaming 27 Inch (68.4 Cm) Full HD (1920 x 1080) Pixels LCD Monitor 165Hz, 1ms, Freesync Premium, HDMI x 2, Display Port, HP Out - 27GQ50F (Black)!₹14,499
https://m.media-amazon.com/images/I/81gs-V-65RL._AC_UY218_.jpg!FRONTECH 22 Inch PRO Series Gaming LED Monitor | Refresh Rate 75Hz,IPS Panel | Full HD 1080p,Wall Mountable-Slim & Stylish Design with 16.7M Colors | HDMI & VGA Ports (MON-0079,White)!₹5,899
https://m.media-amazon.com/images/I/71EstOZXAlL._AC_UY218_.jpg!LG 32" (80 CM) Ultragear QHD Monitor (2560 X 1440 Pixels), 165 Hz, 1Ms, Nvidia G-Sync Compatible, Freesync Premium, HDR 10, Hdmi, Tilt, Height, Pivot Stand, VA Panel Gaming LCD Monitor, 32GN650 Black!₹22,990
https://m.media-amazon.com/images/I/61Njp6OstkL._AC_UY218_.jpg!ViewSonic Omni 24 Inch 165Hz IPS Full Hd 1920X1080 Pixels Gaming Led Monitor,1Ms,Hdr10,Free Sync,104% Srgb,Eye Care,Wall Mount,Tilt,2XHdmi,1XDisplay Port,Wide View Angle- Vx2479-Hd-Pro,Black!₹9,749
https://m.media-amazon.com/images/I/61w47VtVOLL._AC_UY218_.jpg!LG Ultragear 69 cm IPS FHD, G-Sync Compatible, HDR 10, Gaming LCD Monitor, Display Port, HDMI x 2, Height Adjust & Pivot Stand, 144Hz, 1ms, 1920 x 1080 Pixels Made in India- 27GL650F (Black)!₹15,490
https://m.media-amazon.com/images/I/81+vXICYG4L._AC_UY218_.jpg!Lenovo Gaming G-Series Curved 27Inch (68.58Cm) FHD LCD Monitor |165Hz| 99% sRGB, 1ms, AMD Freesync Premium| 2X3W Speakers, 2XHDMI 2.0|DP 1.4, Height Adjust Tilt Stand, Black, G27C-30!₹16,999
https://m.media-amazon.com/images/I/81V7-G85ptL._AC_UY218_.jpg!AOC G2490Vx 24 Inch (60.45 Cm) Borderless Gaming Led Monitor with Full Hd 1920 X 1080 Pixels, 1Ms Response Time, 144Hz Refresh Rate, Freesync Premium, Black!₹9,299
https://m.media-amazon.com/images/I/71EUdePy6ML._AC_UY218_.jpg!MSI Optix MAG342CQR 34 Inch (86.36 cm) Curved Gaming LCD Monitor - 21:9 UWQHD 3440 x 1440 Pixels, 1ms Response Time/1500R/144Hz/Night Vison/AMD Adaptive Sync/Mystic Light RGB, Black!₹38,400
https://m.media-amazon.com/images/I/61Po03nV8gL._AC_UY218_.jpg!BenQ MOBIUZ EX2710S 27"(68cm) IPS Bezel-Less HDR Gaming Monitor with Height Adjust-Full HD,99% sRGB,165Hz,1ms MPRT, AMD FreeSync Premium,Black Equalizer,treVolo Speakers,HDMI,DP(Dark Grey)!₹18,990
