https://m.media-amazon.com/images/I/71xb2xkN5qL._AC_UY218_.jpg!₹49,499!₹49,499 M.R.P: 
https://m.media-amazon.com/images/I/71657TiFeHL._AC_UY218_.jpg!₹71,290!₹71,290 M.R.P: 
https://m.media-amazon.com/images/I/71xb2xkN5qL._AC_UY218_.jpg!₹49,499!₹49,499 M.R.P: 
https://m.media-amazon.com/images/I/61VuVU94RnL._AC_UY218_.jpg!₹49,499!₹49,499 M.R.P: 
https://m.media-amazon.com/images/I/61l9ppRIiqL._AC_UY218_.jpg!₹49,999!₹49,999 M.R.P: 
https://m.media-amazon.com/images/I/71d7rfSl0wL._AC_UY218_.jpg!₹71,290!₹71,290 M.R.P: 
https://m.media-amazon.com/images/I/61-r9zOKBCL._AC_UY218_.jpg!₹49,999!₹49,999 M.R.P: 
https://m.media-amazon.com/images/I/61bK6PMOC3L._AC_UY218_.jpg!₹58,999!₹58,999 M.R.P: 
https://m.media-amazon.com/images/I/71657TiFeHL._AC_UY218_.jpg!₹71,290!₹71,290 M.R.P: 
https://m.media-amazon.com/images/I/61cwywLZR-L._AC_UY218_.jpg!₹58,999!₹58,999 M.R.P: 
https://m.media-amazon.com/images/I/71d7rfSl0wL._AC_UY218_.jpg!₹80,999!₹80,999 M.R.P: 
https://m.media-amazon.com/images/I/71zFRCcMS2L._AC_UY218_.jpg!₹80,990!₹80,990 M.R.P: 
https://m.media-amazon.com/images/I/81CgtwSII3L._AC_UY218_.jpg!Apple iPhone 15 Pro (256 GB) - Natural Titanium!₹1,37,990
https://m.media-amazon.com/images/I/81Os1SDWpcL._AC_UY218_.jpg!Apple iPhone 15 Pro Max (256 GB) - Black Titanium!₹1,48,900
https://m.media-amazon.com/images/I/71xb2xkN5qL._AC_UY218_.jpg!₹60,499!₹60,499 M.R.P: 
https://m.media-amazon.com/images/I/71nvkHnPpZL._AC_UY218_.jpg!₹71,290!₹71,290 M.R.P: 
https://m.media-amazon.com/images/I/61b7Ew7kjYL._AC_UY218_.jpg!Apple iPhone 14 Plus (128 GB) - Starlight!₹66,999
https://m.media-amazon.com/images/I/61VuVU94RnL._AC_UY218_.jpg!₹60,499!₹60,499 M.R.P: 
