https://m.media-amazon.com/images/I/61SmnheBBRL._AC_UY218_.jpg!Redmi 12 5G Moonstone Silver 4GB RAM 128GB ROM!₹11,999
https://m.media-amazon.com/images/I/61iI4i1KmqL._AC_UY218_.jpg!TECNO Spark 20C | Mystery White, (16GB*+128GB) | 50MP Main Camera + 8MP Selfie| 90Hz Dot-in Display with Dynamic Port & Dual Speakers with DTS | 5000mAh Battery |18W Type-C | Helio G36 Processor!₹8,999
https://m.media-amazon.com/images/I/71VW8LmqqPL._AC_UY218_.jpg!Redmi Note 13 5G (Arctic White, 6GB RAM, 128GB Storage) | 5G Ready | 120Hz Bezel-Less AMOLED | 7.mm Slimmest Note Ever | 108MP Pro-Grade Camera!₹17,999
https://m.media-amazon.com/images/I/61SmnheBBRL._AC_UY218_.jpg!Redmi 12 5G Moonstone Silver 6GB RAM 128GB ROM!₹13,499
https://m.media-amazon.com/images/I/71UIZHHo5hL._AC_UY218_.jpg!Redmi 12 5G Pastel Blue 8GB RAM 256GB ROM!₹14,999
https://m.media-amazon.com/images/I/813ZN8Pj-HL._AC_UY218_.jpg!Redmi 13C 5G (Startrail Silver, 4GB RAM, 128GB Storage) | MediaTek Dimensity 6100+ 5G | 90Hz Display!₹10,999
https://m.media-amazon.com/images/I/71NnrsYP63L._AC_UY218_.jpg!Redmi Note 13 5G (Stealth Black, 6GB RAM, 128GB Storage) | 5G Ready | 120Hz Bezel-Less AMOLED | 7.mm Slimmest Note Ever | 108MP Pro-Grade Camera!₹17,999
https://m.media-amazon.com/images/I/71UIZHHo5hL._AC_UY218_.jpg!Redmi 12 5G Pastel Blue 4GB RAM 128GB ROM!₹11,999
https://m.media-amazon.com/images/I/71d1ytcCntL._AC_UY218_.jpg!Redmi 13C (Stardust Black, 4GB RAM, 128GB Storage) | Powered by 4G Mediatek Helio G85 | 90Hz Display | 50MP AI Triple Camera!₹7,799
https://m.media-amazon.com/images/I/81H7FJtH4SL._AC_UY218_.jpg!Redmi 13C 5G (Startrail Green, 4GB RAM, 128GB Storage) | MediaTek Dimensity 6100+ 5G | 90Hz Display!₹10,999
https://m.media-amazon.com/images/I/61LGDAZD+wL._AC_UY218_.jpg!Lava Storm 5G (Thunder Black, 8GB RAM, 128GB ROM), Premium Glass Back Design, MediaTek Dimensity 6080 Processor, 50MP+8MP Ultrawide Dual Camera, 16MP Front Camera, 33W Fast Charging, Clean Android!₹12,499
https://m.media-amazon.com/images/I/81-tqKsrTuL._AC_UY218_.jpg!Samsung Galaxy M52 5G (ICY Blue, 8GB RAM, 128GB Storage) Latest Snapdragon 778G 5G | sAMOLED 120Hz Display!₹24,498
https://m.media-amazon.com/images/I/71w4n2itCNL._AC_UY218_.jpg!Mi 10i 5G (Atlantic Blue, 8GB RAM, 128GB Storage)- 108MP Quad Camera | Snapdragon 750G Processor!₹23,999
https://m.media-amazon.com/images/I/71dJSabHYiL._AC_UY218_.jpg!Redmi A3 (Olive Green, 3GB RAM, 64GB Storage) | Premium Halo Design | 90Hz Display!₹7,299
https://m.media-amazon.com/images/I/71phm03oYhL._AC_UY218_.jpg!MI 10T 5G Cosmic Black, 8GB RAM, 128GB Storage - |Additional Exchange/No Cost EMI Offers!₹21,820
https://m.media-amazon.com/images/I/81L6069AwHL._AC_UY218_.jpg!Redmi 13C 5G (Starlight Black, 4GB RAM, 128GB Storage) | MediaTek Dimensity 6100+ 5G | 90Hz Display!₹10,999
https://m.media-amazon.com/images/I/71hj88T5aBL._AC_UY218_.jpg!Redmi 13C (Starshine Green, 4GB RAM, 128GB Storage) | Powered by 4G MediaTek Helio G85 | 90Hz Display | 50MP AI Triple Camera!₹7,799
https://m.media-amazon.com/images/I/71gYR8pOaQS._AC_UY218_.jpg!Xiaomi Mi 11 Lite (Jazz Blue, 6GB RAM, 128GB Storage)!₹13,890
https://m.media-amazon.com/images/I/71tCOhEigtL._AC_UY218_.jpg!₹13,499!₹13,499 M.R.P: 
https://m.media-amazon.com/images/I/71ij5dqxbeL._AC_UY218_.jpg!Redmi 12 (Moonstone Silver,6GB RAM, 128GB Storage)!₹9,998
https://m.media-amazon.com/images/I/51AL7FDYTpL._AC_UY218_.jpg!7SEVEN® Suitable for Xiaomi mi 12 pro 5g tempered glass screen protector guard with edge-to-edge full glue mobile screen Protector from anti scratch!₹499
