https://m.media-amazon.com/images/I/81njZjDqc6L._AC_UY218_.jpg!Samsung Galaxy S24 Ultra 5G AI Smartphone (Titanium Gray, 12GB, 256GB Storage)!₹1,29,999
https://m.media-amazon.com/images/I/71d1ytcCntL._AC_UY218_.jpg!Redmi 13C (Stardust Black, 4GB RAM, 128GB Storage) | Powered by 4G Mediatek Helio G85 | 90Hz Display | 50MP AI Triple Camera!₹7,799
https://m.media-amazon.com/images/I/81ZSn2rk9WL._AC_UY218_.jpg!Samsung Galaxy M14 5G (ICY Silver,6GB,128GB)|50MP Triple Cam|Segment's Only 6000 mAh 5G SP|5nm Processor|2 Gen. OS Upgrade & 4 Year Security Update|12GB RAM with RAM Plus|Android 13|Without Charger!₹13,990
https://m.media-amazon.com/images/I/813sVzTfvaL._AC_UY218_.jpg!Samsung Galaxy M04 Light Green, 4GB RAM, 128GB Storage | Upto 8GB RAM with RAM Plus | MediaTek Helio P35 Octa-core Processor | 5000 mAh Battery | 13MP Dual Camera!₹8,999
https://m.media-amazon.com/images/I/81xJ80yRRzL._AC_UY218_.jpg!Samsung Galaxy M04 Dark Blue, 4GB RAM, 64GB Storage | Upto 8GB RAM with RAM Plus | MediaTek Helio P35 Octa-core Processor | 5000 mAh Battery | 13MP Dual Camera!₹7,999
https://m.media-amazon.com/images/I/71QZyo8ekbL._AC_UY218_.jpg!Samsung Galaxy A15 5G (Blue Black, 6GB, 128GB Storage) | 50 MP Main Camera | Android 14 with One UI 6.0 | 12GB Expandable RAM | MediaTek Dimensity 6100+ | 5000 mAh Battery!₹17,819
https://m.media-amazon.com/images/I/81pmO0iVNhL._AC_UY218_.jpg!Samsung Galaxy M14 5G (Berry Blue,6GB,128GB)|50MP Triple Cam|Segment's Only 6000 mAh 5G SP|5nm Processor|2 Gen. OS Upgrade & 4 Year Security Update|12GB RAM with RAM Plus|Android 13|Without Charger!₹13,990
https://m.media-amazon.com/images/I/91ItZJh1FDL._AC_UY218_.jpg!Samsung Galaxy M34 5G (Prism Silver,8GB,256GB)|120Hz sAMOLED Display|50MP Triple No Shake Cam|6000 mAh Battery|4 Gen OS Upgrade & 5 Year Security Update|16GB RAM with RAM+|Android 13|Without Charger!₹19,999
https://m.media-amazon.com/images/I/91fonhAtoAL._AC_UY218_.jpg!Samsung Galaxy M34 5G (Midnight Blue,6GB,128GB)|120Hz sAMOLED Display|50MP Triple No Shake Cam|6000 mAh Battery|4 Gen OS Upgrade & 5 Year Security Update|12GB RAM with RAM+|Android 13|Without Charger!₹15,999
https://m.media-amazon.com/images/I/91L9EF-OEGL._AC_UY218_.jpg!Samsung Galaxy M34 5G (Waterfall Blue,6GB,128GB)|120Hz sAMOLED Display|50MP Triple No Shake Cam|6000 mAh Battery|4 Gen OS Upgrade & 5 Year Security Update|12GB RAM with RAM+|Android 13|Without Charger!₹15,999
https://m.media-amazon.com/images/I/71hj88T5aBL._AC_UY218_.jpg!Redmi 13C (Starshine Green, 4GB RAM, 128GB Storage) | Powered by 4G MediaTek Helio G85 | 90Hz Display | 50MP AI Triple Camera!₹7,799
https://m.media-amazon.com/images/I/71VW8LmqqPL._AC_UY218_.jpg!Redmi Note 13 5G (Arctic White, 6GB RAM, 128GB Storage) | 5G Ready | 120Hz Bezel-Less AMOLED | 7.mm Slimmest Note Ever | 108MP Pro-Grade Camera!₹17,999
https://m.media-amazon.com/images/I/71669TpsvKL._AC_UY218_.jpg!Samsung Galaxy A34 5G (Awesome Violet, 8GB, 256GB Storage) | 48 MP No Shake Cam (OIS) | IP67 | Gorilla Glass 5 | Voice Focus | Travel Adapter to be Purchased Separately!₹26,499
https://m.media-amazon.com/images/I/913EiorAS0L._AC_UY218_.jpg!Samsung Galaxy M14 4G (Sapphire Blue,4GB,64GB) | 50MP Triple Cam | 5000mAh Battery | Snapdragon 680 Processor | 2 Gen. OS Upgrade & 4 Year Security Update | 8GB RAM with RAM Plus | Without Charger!₹8,999
https://m.media-amazon.com/images/I/818VqDSKpCL._AC_UY218_.jpg!Samsung Galaxy M14 5G (Smoky Teal,6GB,128GB)|50MP Triple Cam|Segment's Only 6000 mAh 5G SP|5nm Processor|2 Gen. OS Upgrade & 4 Year Security Update|12GB RAM with RAM Plus|Android 13|Without Charger!₹13,990
https://m.media-amazon.com/images/I/813sVzTfvaL._AC_UY218_.jpg!Samsung Galaxy M04 Light Green, 4GB RAM, 64GB Storage | Upto 8GB RAM with RAM Plus | MediaTek Helio P35 Octa-core Processor | 5000 mAh Battery | 13MP Dual Camera!₹7,999
https://m.media-amazon.com/images/I/81cjnxL6jbL._AC_UY218_.jpg!Samsung Galaxy F54 5G (Stardust Silver, 256 GB) (8 GB RAM)!₹24,700
https://m.media-amazon.com/images/I/71qZERyxy6L._AC_UY218_.jpg!Samsung Galaxy S22 5G (Green, 8GB, 128GB Storage) with No Cost EMI/Additional Exchange Offers!₹39,999
https://m.media-amazon.com/images/I/71+0MKV37HL._AC_UY218_.jpg!Samsung Galaxy A15 5G (Blue, 8GB, 128GB Storage) | 50 MP Main Camera | Android 14 with One UI 6.0 | 16GB Expandable RAM | MediaTek Dimensity 6100+ | 5000 mAh Battery!₹19,499
https://m.media-amazon.com/images/I/71bjBI+h9fL._AC_UY218_.jpg!Samsung Galaxy S21 FE 5G (2023) (8GB 256GB Graphite) with Snapdragon 888!₹33,800
https://m.media-amazon.com/images/I/71ij5dqxbeL._AC_UY218_.jpg!Redmi 12 (Moonstone Silver,6GB RAM, 128GB Storage)!₹9,998
https://m.media-amazon.com/images/I/81-tqKsrTuL._AC_UY218_.jpg!Samsung Galaxy M52 5G (ICY Blue, 8GB RAM, 128GB Storage) Latest Snapdragon 778G 5G | sAMOLED 120Hz Display!₹24,498
